Czas [s];Temperatura [C];;Czas [s];Temperatura [C];;;
0;24,26;;0;-273,15;;;
1;24,08;;1;240,62;;;
2;24,08;;2;291,69;;;
3;24,08;;3;291,69;;;
4;24,08;;4;291,69;;;
5;24,08;;5;291,69;;;
6;24,08;;6;291,69;;;
7;24,08;;7;291,69;;;
8;24,08;;8;291,69;;;
9;24,08;;9;291,69;;;
10;24,08;;10;291,69;;;
11;24,17;;11;291,69;;;
12;24,26;;12;291,69;;;
13;24,26;;13;291,69;;;
14;24,43;;14;291,69;;;
15;24,52;;15;291,69;;;
16;24,61;;16;291,69;;;
17;24,79;;17;260,66;;;
18;24,87;;18;260,66;;;
19;25,05;;19;260,66;;;
20;25,23;;20;260,66;;;
21;25,40;;21;260,66;;;
22;25,49;;22;260,66;;;
23;25,76;;23;291,69;;;
24;25,84;;24;260,66;;;
25;26,11;;25;260,66;;;
26;26,29;;26;260,66;;;
27;26,46;;27;260,66;;;
28;26,64;;28;260,66;;;
29;26,82;;29;260,66;;;
30;27,00;;30;260,66;;;
31;27,18;;31;260,66;;;
32;27,45;;32;260,66;;;
33;27,63;;33;260,66;;;
34;27,81;;34;260,66;;;
35;27,99;;35;260,66;;;
36;28,17;;36;260,66;;;
37;28,35;;37;260,66;;;
38;28,62;;38;240,62;;;
39;28,80;;39;240,62;;;
40;28,98;;40;240,62;;;
41;29,16;;41;260,66;;;
42;29,35;;42;240,62;;;
43;29,53;;43;240,62;;;
44;29,71;;44;240,62;;;
45;29,99;;45;240,62;;;
46;30,17;;46;240,62;;;
47;30,35;;47;240,62;;;
48;30,54;;48;240,62;;;
49;30,72;;49;240,62;;;
50;30,91;;50;240,62;;;
51;31,10;;51;240,62;;;
52;31,28;;52;240,62;;;
53;31,47;;53;240,62;;;
54;31,66;;54;240,62;;;
55;31,94;;55;226,07;;;
56;32,12;;56;226,07;;;
57;32,31;;57;226,07;;;
58;32,50;;58;240,62;;;
59;32,69;;59;240,62;;;
60;32,88;;60;226,07;;;
61;33,07;;61;226,07;;;
62;33,26;;62;226,07;;;
63;33,45;;63;226,07;;;
64;33,55;;64;226,07;;;
65;33,74;;65;226,07;;;
66;34,03;;66;226,07;;;
67;34,13;;67;226,07;;;
68;34,32;;68;226,07;;;
69;34,52;;69;226,07;;;
70;34,71;;70;226,07;;;
71;34,91;;71;214,76;;;
72;35,10;;72;214,76;;;
73;35,30;;73;214,76;;;
74;35,50;;74;214,76;;;
75;35,70;;75;214,76;;;
76;35,89;;76;214,76;;;
77;36,09;;77;214,76;;;
78;36,19;;78;214,76;;;
79;36,39;;79;214,76;;;
80;36,59;;80;214,76;;;
81;36,79;;81;214,76;;;
82;37,00;;82;214,76;;;
83;37,20;;83;214,76;;;
84;37,40;;84;214,76;;;
85;37,50;;85;214,76;;;
86;37,71;;86;205,59;;;
87;37,91;;87;205,59;;;
88;38,02;;88;205,59;;;
89;38,22;;89;205,59;;;
90;38,43;;90;205,59;;;
91;38,53;;91;205,59;;;
92;38,74;;92;205,59;;;
93;38,95;;93;205,59;;;
94;39,05;;94;205,59;;;
95;39,26;;95;205,59;;;
96;39,37;;96;205,59;;;
97;39,58;;97;197,91;;;
98;39,79;;98;197,91;;;
99;39,90;;99;197,91;;;
100;40,11;;100;197,91;;;
101;40,32;;101;197,91;;;
102;40,43;;102;197,91;;;
103;40,65;;103;197,91;;;
104;40,76;;104;197,91;;;
105;40,86;;105;197,91;;;
106;40,97;;106;191,33;;;
107;41,19;;107;191,33;;;
108;41,30;;108;191,33;;;
109;41,41;;109;191,33;;;
110;41,63;;110;191,33;;;
111;41,74;;111;191,33;;;
112;41,96;;112;191,33;;;
113;42,07;;113;191,33;;;
114;42,29;;114;191,33;;;
115;42,40;;115;191,33;;;
116;42,51;;116;185,59;;;
117;42,74;;117;185,59;;;
118;42,85;;118;185,59;;;
119;43,08;;119;185,59;;;
120;43,19;;120;185,59;;;
121;43,30;;121;185,59;;;
122;43,53;;122;185,59;;;
123;43,64;;123;185,59;;;
124;43,87;;124;185,59;;;
125;43,99;;125;180,52;;;
126;44,10;;126;185,59;;;
127;44,34;;127;180,52;;;
128;44,45;;128;180,52;;;
129;44,57;;129;180,52;;;
130;44,80;;130;180,52;;;
131;44,92;;131;180,52;;;
132;45,15;;132;180,52;;;
133;45,27;;133;175,98;;;
134;45,39;;134;175,98;;;
135;45,63;;135;175,98;;;
136;45,75;;136;175,98;;;
137;45,87;;137;175,98;;;
138;46,11;;138;175,98;;;
139;46,23;;139;175,98;;;
140;46,35;;140;175,98;;;
141;46,47;;141;175,98;;;
142;46,72;;142;171,88;;;
143;46,84;;143;171,88;;;
144;46,96;;144;171,88;;;
145;47,08;;145;171,88;;;
146;47,21;;146;171,88;;;
147;47,45;;147;171,88;;;
148;47,58;;148;168,15;;;
149;47,70;;149;168,15;;;
150;47,83;;150;168,15;;;
151;47,95;;151;168,15;;;
152;48,08;;152;168,15;;;
153;48,21;;153;168,15;;;
154;48,46;;154;168,15;;;
155;48,59;;155;168,15;;;
156;48,71;;156;164,72;;;
157;48,84;;157;164,72;;;
158;48,97;;158;164,72;;;
159;49,10;;159;164,72;;;
160;49,23;;160;164,72;;;
161;49,36;;161;164,72;;;
162;49,49;;162;164,72;;;
163;49,62;;163;161,56;;;
164;49,75;;164;161,56;;;
165;49,88;;165;161,56;;;
166;50,01;;166;161,56;;;
167;50,28;;167;161,56;;;
168;50,28;;168;161,56;;;
169;50,41;;169;158,64;;;
170;50,54;;170;161,56;;;
171;50,68;;171;158,64;;;
172;50,81;;172;158,64;;;
173;50,95;;173;158,64;;;
174;51,08;;174;158,64;;;
175;51,22;;175;155,91;;;
176;51,35;;176;155,91;;;
177;51,49;;177;155,91;;;
178;51,62;;178;155,91;;;
179;51,76;;179;155,91;;;
180;51,90;;180;155,91;;;
181;52,04;;181;153,36;;;
182;52,18;;182;153,36;;;
183;52,32;;183;153,36;;;
184;52,46;;184;153,36;;;
185;52,60;;185;153,36;;;
186;52,74;;186;150,96;;;
187;52,88;;187;150,96;;;
188;53,02;;188;150,96;;;
189;53,16;;189;150,96;;;
190;53,30;;190;150,96;;;
191;53,30;;191;148,71;;;
192;53,45;;192;148,71;;;
193;53,59;;193;148,71;;;
194;53,73;;194;148,71;;;
195;53,88;;195;148,71;;;
196;54,02;;196;146,58;;;
197;54,17;;197;146,58;;;
198;54,32;;198;146,58;;;
199;54,32;;199;146,58;;;
200;54,46;;200;146,58;;;
201;54,61;;201;146,58;;;
202;54,76;;202;144,56;;;
203;54,91;;203;144,56;;;
204;54,91;;204;144,56;;;
205;55,06;;205;144,56;;;
206;55,20;;206;144,56;;;
207;55,20;;207;142,65;;;
208;55,36;;208;142,65;;;
209;55,36;;209;142,65;;;
210;55,51;;210;142,65;;;
211;55,66;;211;142,65;;;
212;55,66;;212;140,82;;;
213;55,81;;213;140,82;;;
214;55,96;;214;140,82;;;
215;56,11;;215;140,82;;;
216;56,27;;216;140,82;;;
217;56,27;;217;139,09;;;
218;56,42;;218;139,09;;;
219;56,73;;219;139,09;;;
220;56,89;;220;137,43;;;
221;57,05;;221;137,43;;;
222;57,20;;222;137,43;;;
223;57,36;;223;137,43;;;
224;57,52;;224;135,84;;;
225;57,52;;225;135,84;;;
226;57,68;;226;135,84;;;
227;57,84;;227;135,84;;;
228;57,84;;228;135,84;;;
229;58,00;;229;134,31;;;
230;58,00;;230;134,31;;;
231;58,16;;231;134,31;;;
232;58,33;;232;134,31;;;
233;58,33;;233;132,85;;;
234;58,49;;234;132,85;;;
235;58,65;;235;132,85;;;
236;58,65;;236;132,85;;;
237;58,82;;237;132,85;;;
238;58,98;;238;131,45;;;
239;58,98;;239;131,45;;;
240;59,15;;240;131,45;;;
241;59,15;;241;131,45;;;
242;59,32;;242;130,09;;;
243;59,48;;243;130,09;;;
244;59,65;;244;130,09;;;
245;59,65;;245;128,79;;;
246;59,65;;246;128,79;;;
247;59,82;;247;128,79;;;
248;59,99;;248;128,79;;;
249;59,99;;249;127,53;;;
250;60,16;;250;127,53;;;
251;60,16;;251;127,53;;;
252;60,33;;252;127,53;;;
253;60,33;;253;126,31;;;
254;60,50;;254;126,31;;;
255;60,50;;255;126,31;;;
256;60,68;;256;126,31;;;
257;60,85;;257;125,14;;;
258;60,85;;258;125,14;;;
259;61,03;;259;125,14;;;
260;61,20;;260;125,14;;;
261;61,20;;261;124,00;;;
262;61,38;;262;124,00;;;
263;61,38;;263;124,00;;;
264;61,55;;264;124,00;;;
265;61,73;;265;122,90;;;
266;61,73;;266;122,90;;;
267;61,91;;267;121,83;;;
268;61,91;;268;121,83;;;
269;62,09;;269;121,83;;;
270;62,27;;270;121,83;;;
271;62,27;;271;120,79;;;
272;62,45;;272;120,79;;;
273;62,45;;273;120,79;;;
274;62,64;;274;119,79;;;
275;62,64;;275;119,79;;;
276;62,82;;276;119,79;;;
277;63,00;;277;118,81;;;
278;63,00;;278;118,81;;;
279;63,19;;279;118,81;;;
280;63,19;;280;118,81;;;
281;63,38;;281;117,85;;;
282;63,56;;282;117,85;;;
283;63,56;;283;117,85;;;
284;63,56;;284;116,93;;;
285;63,75;;285;116,93;;;
286;63,75;;286;116,93;;;
287;63,94;;287;116,02;;;
288;64,13;;288;116,02;;;
289;64,13;;289;116,02;;;
290;64,32;;290;115,14;;;
291;64,32;;291;115,14;;;
292;64,52;;292;115,14;;;
293;64,52;;293;114,29;;;
294;64,71;;294;114,29;;;
295;64,71;;295;114,29;;;
296;64,90;;296;113,45;;;
297;64,90;;297;113,45;;;
298;65,10;;298;113,45;;;
299;65,10;;299;112,63;;;
300;65,30;;300;112,63;;;
301;65,10;;301;112,63;;;
302;65,49;;302;111,83;;;
303;65,49;;303;111,83;;;
304;65,69;;304;111,83;;;
305;65,69;;305;111,05;;;
306;65,69;;306;111,05;;;
307;65,89;;307;111,05;;;
308;66,09;;308;110,29;;;
309;66,09;;309;110,29;;;
310;66,09;;310;110,29;;;
311;66,30;;311;109,54;;;
312;66,30;;312;109,54;;;
313;66,30;;313;108,81;;;
314;66,30;;314;108,81;;;
315;66,30;;315;108,81;;;
316;66,50;;316;108,10;;;
317;66,30;;317;108,10;;;
318;66,50;;318;108,10;;;
319;66,50;;319;107,40;;;
320;66,70;;320;107,40;;;
321;66,70;;321;106,71;;;
322;66,91;;322;106,71;;;
323;66,91;;323;106,04;;;
324;67,12;;324;106,04;;;
325;67,12;;325;106,04;;;
326;67,33;;326;105,38;;;
327;67,33;;327;105,38;;;
328;67,54;;328;104,74;;;
329;67,54;;329;104,74;;;
330;67,54;;330;104,10;;;
331;67,75;;331;104,10;;;
332;67,75;;332;104,10;;;
333;67,96;;333;103,48;;;
334;68,17;;334;103,48;;;
335;68,17;;335;103,48;;;
336;68,39;;336;102,87;;;
337;68,39;;337;102,87;;;
338;68,60;;338;102,87;;;
339;68,60;;339;102,27;;;
340;68,60;;340;102,27;;;
341;68,82;;341;102,27;;;
342;68,82;;342;101,68;;;
343;68,82;;343;101,68;;;
344;69,04;;344;101,68;;;
345;69,04;;345;101,10;;;
346;69,04;;346;100,53;;;
347;69,26;;347;100,53;;;
348;69,26;;348;100,53;;;
349;69,26;;349;99,97;;;
350;69,26;;350;99,97;;;
351;69,48;;351;99,42;;;
352;69,70;;352;99,42;;;
353;69,70;;353;98,88;;;
354;69,70;;354;98,88;;;
355;69,70;;355;98,88;;;
356;69,70;;356;98,35;;;
357;69,93;;357;98,35;;;
358;69,93;;358;98,35;;;
359;69,93;;359;97,82;;;
360;70,16;;360;97,31;;;
361;70,16;;361;97,31;;;
362;70,38;;362;97,31;;;
363;70,38;;363;96,80;;;
364;70,38;;364;96,80;;;
365;70,61;;365;96,30;;;
366;70,61;;366;96,30;;;
367;70,61;;367;96,30;;;
368;70,61;;368;95,80;;;
369;70,84;;369;95,80;;;
370;70,84;;370;95,80;;;
371;71,08;;371;95,32;;;
372;71,08;;372;94,84;;;
373;71,08;;373;94,84;;;
374;71,31;;374;94,84;;;
375;71,31;;375;94,36;;;
376;71,31;;376;94,36;;;
377;71,54;;377;93,90;;;
378;71,54;;378;93,90;;;
379;71,54;;379;93,44;;;
380;71,54;;380;93,44;;;
381;71,78;;381;92,99;;;
382;71,78;;382;92,99;;;
383;71,78;;383;92,54;;;
384;71,78;;384;92,54;;;
385;72,02;;385;92,10;;;
386;72,02;;386;92,10;;;
387;72,02;;387;91,66;;;
388;71,78;;388;91,66;;;
389;71,78;;389;91,23;;;
390;71,78;;390;91,23;;;
391;71,78;;391;91,23;;;
392;72,02;;392;90,81;;;
393;72,02;;393;90,81;;;
394;72,02;;394;90,39;;;
395;72,02;;395;90,39;;;
396;72,26;;396;89,98;;;
397;72,26;;397;89,98;;;
398;72,50;;398;89,98;;;
399;72,50;;399;89,57;;;
400;72,75;;400;89,17;;;
401;72,75;;401;89,17;;;
402;72,99;;402;89,17;;;
403;72,99;;403;88,77;;;
404;72,99;;404;88,77;;;
405;73,24;;405;88,37;;;
406;73,24;;406;88,37;;;
407;73,24;;407;87,98;;;
408;73,24;;408;87,98;;;
409;73,24;;409;87,98;;;
410;73,24;;410;87,60;;;
411;73,24;;411;87,22;;;
412;73,24;;412;87,22;;;
413;73,49;;413;86,84;;;
414;73,49;;414;86,84;;;
415;73,49;;415;86,47;;;
416;73,49;;416;86,47;;;
417;73,49;;417;86,11;;;
418;73,74;;418;86,11;;;
419;73,74;;419;85,74;;;
420;73,74;;420;85,74;;;
421;73,74;;421;85,38;;;
422;73,74;;422;85,38;;;
423;73,74;;423;85,03;;;
424;73,99;;424;85,03;;;
425;73,99;;425;84,67;;;
426;73,99;;426;84,67;;;
427;73,99;;427;84,33;;;
428;74,25;;428;84,33;;;
429;74,25;;429;83,98;;;
430;74,25;;430;83,64;;;
431;74,25;;431;83,64;;;
432;74,51;;432;83,64;;;
433;74,51;;433;83,30;;;
434;74,51;;434;83,30;;;
435;74,51;;435;82,97;;;
436;74,51;;436;82,97;;;
437;74,51;;437;82,64;;;
438;74,76;;438;82,64;;;
439;74,76;;439;82,31;;;
440;74,76;;440;82,31;;;
441;74,76;;441;81,99;;;
442;74,76;;442;81,67;;;
443;74,76;;443;81,67;;;
444;74,76;;444;81,67;;;
445;74,76;;445;81,35;;;
446;74,76;;446;81,03;;;
447;74,76;;447;81,03;;;
448;75,03;;448;80,72;;;
449;75,03;;449;80,72;;;
450;75,03;;450;80,41;;;
451;75,03;;451;80,41;;;
452;75,03;;452;80,11;;;
453;75,03;;453;80,11;;;
454;75,29;;454;79,80;;;
455;75,29;;455;79,80;;;
456;75,55;;456;79,50;;;
457;75,55;;457;79,50;;;
458;75,55;;458;79,20;;;
459;75,82;;459;79,20;;;
460;75,82;;460;78,91;;;
461;75,82;;461;78,91;;;
462;76,09;;462;78,62;;;
463;76,36;;463;78,33;;;
464;76,36;;464;78,33;;;
465;76,36;;465;78,04;;;
466;76,36;;466;78,04;;;
467;76,36;;467;77,75;;;
468;76,63;;468;77,75;;;
469;76,63;;469;77,47;;;
470;76,63;;470;77,47;;;
471;76,63;;471;77,19;;;
472;76,63;;472;77,19;;;
473;76,63;;473;76,91;;;
474;76,63;;474;76,91;;;
475;76,63;;475;76,63;;;
476;76,91;;476;76,63;;;
477;76,91;;477;76,36;;;
478;76,91;;478;76,36;;;
479;76,91;;479;76,09;;;
480;76,91;;480;75,82;;;
481;77,19;;481;75,82;;;
482;77,19;;482;75,55;;;
483;77,19;;483;75,55;;;
484;77,19;;484;75,29;;;
485;77,19;;485;75,29;;;
486;77,19;;486;75,03;;;
487;77,47;;487;75,03;;;
488;77,47;;488;74,76;;;
489;77,47;;489;74,76;;;
490;77,47;;490;74,51;;;
491;77,75;;491;74,51;;;
492;77,75;;492;74,25;;;
493;77,75;;493;74,25;;;
494;77,75;;494;73,99;;;
495;77,75;;495;73,99;;;
496;77,75;;496;73,74;;;
497;77,75;;497;73,49;;;
498;77,75;;498;73,49;;;
499;78,04;;499;73,24;;;
500;77,75;;500;73,24;;;
501;77,75;;501;72,99;;;
502;77,75;;502;72,99;;;
503;77,75;;503;72,75;;;
504;77,75;;504;72,75;;;
505;77,75;;505;72,50;;;
506;77,75;;506;72,50;;;
507;78,04;;507;72,26;;;
508;78,04;;508;72,02;;;
509;78,04;;509;72,02;;;
510;78,33;;510;71,78;;;
511;78,33;;511;71,78;;;
512;78,62;;512;71,54;;;
513;78,62;;513;71,31;;;
514;78,91;;514;71,31;;;
515;78,91;;515;71,08;;;
516;78,91;;516;71,08;;;
517;78,91;;517;70,84;;;
518;78,91;;518;70,84;;;
519;78,91;;519;70,61;;;
520;78,91;;520;70,61;;;
521;78,91;;521;70,38;;;
522;78,91;;522;70,16;;;
523;78,91;;523;70,16;;;
524;79,20;;524;69,93;;;
525;78,91;;525;69,93;;;
526;79,20;;526;69,70;;;
527;79,20;;527;69,48;;;
528;79,20;;528;69,48;;;
529;79,20;;529;69,26;;;
530;79,50;;530;69,26;;;
531;79,20;;531;69,04;;;
532;79,20;;532;68,82;;;
533;79,50;;533;68,82;;;
534;79,20;;534;68,60;;;
535;79,20;;535;68,60;;;
536;79,20;;536;68,39;;;
537;78,91;;537;68,17;;;
538;78,91;;538;68,17;;;
539;79,20;;539;67,96;;;
540;79,20;;540;67,96;;;
541;79,20;;541;67,75;;;
542;79,50;;542;67,54;;;
543;79,50;;543;67,54;;;
544;79,80;;544;67,33;;;
545;79,80;;545;67,33;;;
546;80,11;;546;67,12;;;
547;80,11;;547;67,12;;;
548;80,11;;548;66,91;;;
549;80,11;;549;66,70;;;
550;80,11;;550;66,70;;;
551;80,11;;551;66,50;;;
552;80,11;;552;66,30;;;
553;80,11;;553;66,30;;;
554;80,41;;554;66,09;;;
555;80,41;;555;66,09;;;
556;80,41;;556;65,89;;;
557;80,41;;557;65,89;;;
558;80,41;;558;65,69;;;
559;80,41;;559;65,69;;;
560;80,41;;560;65,49;;;
561;80,11;;561;65,30;;;
562;80,11;;562;65,30;;;
563;80,11;;563;65,10;;;
564;80,11;;564;65,10;;;
565;80,11;;565;64,90;;;
566;80,41;;566;64,90;;;
567;80,41;;567;64,71;;;
568;80,72;;568;64,52;;;
569;80,72;;569;64,52;;;
570;81,03;;570;64,52;;;
571;81,03;;571;64,32;;;
572;81,03;;572;64,13;;;
573;81,03;;573;64,13;;;
574;81,03;;574;63,94;;;
575;81,03;;575;63,75;;;
576;81,35;;576;63,75;;;
577;81,03;;577;63,56;;;
578;81,35;;578;63,56;;;
579;81,35;;579;63,38;;;
580;81,35;;580;63,19;;;
581;81,35;;581;63,19;;;
582;81,35;;582;63,00;;;
583;81,35;;583;63,00;;;
584;81,67;;584;62,82;;;
585;81,35;;585;62,82;;;
586;81,67;;586;62,64;;;
587;81,67;;587;62,64;;;
588;81,35;;588;62,45;;;
589;81,35;;589;62,27;;;
590;81,03;;590;62,27;;;
591;81,03;;591;62,09;;;
592;81,03;;592;62,09;;;
593;81,35;;593;61,91;;;
594;81,35;;594;61,73;;;
595;81,35;;595;61,73;;;
596;81,35;;596;61,55;;;
597;81,67;;597;61,55;;;
598;81,67;;598;61,38;;;
599;81,99;;599;61,38;;;
600;81,99;;600;61,20;;;
601;81,99;;601;61,20;;;
602;82,31;;602;61,03;;;
603;82,31;;603;61,03;;;
604;82,31;;604;60,85;;;
605;82,31;;605;60,68;;;
606;82,31;;606;60,68;;;
607;82,31;;607;60,50;;;
608;82,31;;608;60,50;;;
609;82,31;;609;60,33;;;
610;82,31;;610;60,16;;;
611;82,31;;611;60,16;;;
612;82,31;;612;59,99;;;
613;82,64;;613;59,99;;;
614;82,64;;614;59,82;;;
615;82,64;;615;59,82;;;
616;82,64;;616;59,65;;;
617;82,64;;617;59,65;;;
618;82,64;;618;59,48;;;
619;82,97;;619;59,32;;;
620;82,97;;620;59,32;;;
621;82,64;;621;59,15;;;
622;82,64;;622;58,98;;;
623;82,64;;623;58,98;;;
624;82,31;;624;58,82;;;
625;82,31;;625;58,82;;;
626;82,31;;626;58,65;;;
627;82,64;;627;58,49;;;
628;82,31;;628;58,49;;;
629;82,64;;629;58,33;;;
630;82,64;;630;58,16;;;
631;82,64;;631;58,16;;;
632;82,64;;632;58,00;;;
633;82,64;;633;57,84;;;
634;82,64;;634;57,84;;;
635;82,97;;635;57,68;;;
636;82,97;;636;57,68;;;
637;82,97;;637;57,52;;;
638;82,97;;638;57,52;;;
639;83,30;;639;57,36;;;
640;83,30;;640;57,36;;;
641;83,30;;641;57,20;;;
642;83,64;;642;57,05;;;
643;83,64;;643;57,05;;;
644;83,64;;644;56,89;;;
645;83,64;;645;56,89;;;
646;83,98;;646;56,73;;;
647;83,98;;647;56,73;;;
648;83,98;;648;56,58;;;
649;83,98;;649;56,42;;;
650;83,98;;650;56,42;;;
651;83,98;;651;56,27;;;
652;83,98;;652;56,27;;;
653;83,98;;653;56,11;;;
654;83,98;;654;56,11;;;
655;83,98;;655;55,96;;;
656;83,98;;656;55,96;;;
657;83,98;;657;55,81;;;
658;83,98;;658;55,81;;;
659;83,98;;659;55,66;;;
660;84,33;;660;55,66;;;
661;84,33;;661;55,51;;;
662;84,33;;662;55,36;;;
663;83,98;;663;55,36;;;
664;83,98;;664;55,20;;;
665;83,98;;665;55,20;;;
666;83,98;;666;55,06;;;
667;83,98;;667;55,06;;;
668;83,98;;668;54,91;;;
669;83,98;;669;54,91;;;
670;83,98;;670;54,76;;;
671;83,98;;671;54,76;;;
672;83,98;;672;54,61;;;
673;84,33;;673;54,46;;;
674;84,33;;674;54,46;;;
675;84,33;;675;54,32;;;
676;84,67;;676;54,32;;;
677;84,67;;677;54,17;;;
678;85,03;;678;54,17;;;
679;85,03;;679;54,02;;;
680;85,03;;680;54,02;;;
681;85,03;;681;53,88;;;
682;85,03;;682;53,73;;;
683;85,03;;683;53,73;;;
684;85,03;;684;53,59;;;
685;85,03;;685;53,59;;;
686;85,03;;686;53,45;;;
687;85,03;;687;53,45;;;
688;85,03;;688;53,30;;;
689;85,03;;689;53,30;;;
690;85,03;;690;53,16;;;
691;85,03;;691;53,16;;;
692;85,03;;692;53,02;;;
693;85,03;;693;53,02;;;
694;85,38;;694;52,88;;;
695;85,38;;695;52,88;;;
696;85,38;;696;52,74;;;
697;85,38;;697;52,74;;;
698;85,38;;698;52,74;;;
699;85,38;;699;52,60;;;
700;85,38;;700;52,46;;;
701;85,38;;701;52,46;;;
702;85,38;;702;52,32;;;
703;85,03;;703;52,32;;;
704;85,03;;704;52,18;;;
705;85,03;;705;52,18;;;
706;85,03;;706;52,04;;;
707;85,03;;707;52,04;;;
708;85,03;;708;51,90;;;
709;85,03;;709;51,90;;;
710;85,03;;710;51,90;;;
711;85,03;;711;51,76;;;
712;85,03;;712;51,62;;;
713;85,03;;713;51,62;;;
714;85,03;;714;51,49;;;
715;85,03;;715;51,49;;;
716;85,03;;716;51,35;;;
717;85,03;;717;51,35;;;
718;85,38;;718;51,22;;;
719;85,38;;719;51,22;;;
720;85,38;;720;51,08;;;
721;85,38;;721;51,08;;;
722;85,38;;722;50,95;;;
723;85,74;;723;50,95;;;
724;85,74;;724;50,81;;;
725;85,74;;725;50,68;;;
726;86,11;;726;50,68;;;
727;86,11;;727;50,54;;;
728;86,11;;728;50,54;;;
729;86,11;;729;50,54;;;
730;86,11;;730;50,41;;;
731;86,11;;731;50,41;;;
732;86,11;;732;50,28;;;
733;86,11;;733;50,28;;;
734;86,11;;734;50,14;;;
735;86,11;;735;50,14;;;
736;86,11;;736;50,01;;;
737;86,11;;737;50,01;;;
738;86,11;;738;49,88;;;
739;86,11;;739;49,88;;;
740;86,11;;740;49,75;;;
741;86,11;;741;49,75;;;
742;86,11;;742;49,75;;;
743;86,11;;743;49,62;;;
744;86,11;;744;49,49;;;
745;86,11;;745;49,49;;;
746;86,11;;746;49,36;;;
747;86,11;;747;49,36;;;
748;86,11;;748;49,23;;;
749;86,11;;749;49,23;;;
750;86,11;;750;49,10;;;
751;86,11;;751;49,10;;;
752;86,11;;752;48,97;;;
753;86,11;;753;48,97;;;
754;86,11;;754;48,84;;;
755;86,11;;755;48,84;;;
756;86,11;;756;48,84;;;
757;86,47;;757;48,71;;;
758;86,47;;758;48,71;;;
759;86,47;;759;48,59;;;
760;86,47;;760;48,59;;;
761;86,47;;761;48,46;;;
762;86,47;;762;48,46;;;
763;86,47;;763;48,33;;;
764;86,47;;764;48,33;;;
765;86,47;;765;48,21;;;
766;86,47;;766;48,21;;;
767;86,47;;767;48,21;;;
768;86,84;;768;48,08;;;
769;86,84;;769;48,08;;;
770;86,84;;770;47,95;;;
771;86,84;;771;47,95;;;
772;86,84;;772;47,83;;;
773;86,84;;773;47,83;;;
774;86,84;;774;47,70;;;
775;86,84;;775;47,70;;;
776;86,84;;776;47,58;;;
777;86,84;;777;47,58;;;
778;86,84;;778;47,45;;;
779;86,84;;779;47,45;;;
780;86,84;;780;47,45;;;
781;86,84;;781;47,33;;;
782;86,84;;782;47,33;;;
783;86,84;;783;47,21;;;
784;86,84;;784;47,21;;;
785;86,84;;785;47,08;;;
786;86,84;;786;47,08;;;
787;86,84;;787;46,96;;;
788;86,84;;788;46,96;;;
789;86,84;;789;46,96;;;
790;86,47;;790;46,84;;;
791;86,84;;791;46,84;;;
792;86,84;;792;46,72;;;
793;86,47;;793;46,72;;;
794;86,47;;794;46,59;;;
795;86,84;;795;46,59;;;
796;86,84;;796;46,47;;;
797;86,47;;797;46,47;;;
798;86,47;;798;46,47;;;
799;86,84;;799;46,35;;;
800;87,22;;800;46,35;;;
801;87,60;;801;46,23;;;
802;88,37;;802;46,23;;;
803;89,17;;803;46,23;;;
804;90,39;;804;46,11;;;
805;91,66;;805;46,11;;;
806;93,44;;806;45,99;;;
807;95,32;;807;45,99;;;
808;97,31;;808;45,87;;;
809;99,42;;809;45,87;;;
810;101,68;;810;45,75;;;
811;104,10;;811;45,75;;;
812;106,71;;812;45,75;;;
813;109,54;;813;45,63;;;
814;111,83;;814;45,63;;;
815;114,29;;815;45,63;;;
816;116,93;;816;45,51;;;
817;119,79;;817;45,51;;;
818;121,83;;818;45,39;;;
819;125,14;;819;45,39;;;
820;127,53;;820;45,27;;;
821;130,09;;821;45,27;;;
822;132,85;;822;45,15;;;
823;135,84;;823;45,15;;;
824;139,09;;824;45,15;;;
825;140,82;;825;45,04;;;
826;142,65;;826;45,04;;;
827;146,58;;827;44,92;;;
828;148,71;;828;44,92;;;
829;153,36;;829;44,80;;;
830;155,91;;830;44,80;;;
831;155,91;;831;44,80;;;
832;158,64;;832;44,68;;;
833;164,72;;833;44,68;;;
834;164,72;;834;44,57;;;
835;168,15;;835;44,57;;;
836;171,88;;836;44,45;;;
837;171,88;;837;44,45;;;
838;175,98;;838;44,45;;;
839;180,52;;839;44,34;;;
840;180,52;;840;44,34;;;
841;185,59;;841;44,22;;;
842;185,59;;842;44,22;;;
843;191,33;;843;44,10;;;
844;191,33;;844;44,10;;;
845;191,33;;845;44,10;;;
846;197,91;;846;43,99;;;
847;197,91;;847;43,99;;;
848;197,91;;848;43,87;;;
849;197,91;;849;43,87;;;
850;205,59;;850;43,87;;;
851;205,59;;851;43,76;;;
852;205,59;;852;43,76;;;
853;205,59;;853;43,64;;;
854;214,76;;854;43,64;;;
855;214,76;;855;43,53;;;
856;214,76;;856;43,53;;;
857;214,76;;857;43,53;;;
858;214,76;;858;43,42;;;
859;214,76;;859;43,42;;;
860;226,07;;860;43,30;;;
861;214,76;;861;43,30;;;
862;226,07;;862;43,30;;;
863;226,07;;863;43,19;;;
864;226,07;;864;43,19;;;
865;226,07;;865;43,08;;;
866;226,07;;866;43,08;;;
867;226,07;;867;43,08;;;
868;226,07;;868;42,96;;;
869;226,07;;869;42,96;;;
870;240,62;;870;42,85;;;
871;240,62;;871;42,85;;;
872;240,62;;872;42,85;;;
873;240,62;;873;42,74;;;
874;240,62;;874;42,74;;;
875;240,62;;875;42,63;;;
876;240,62;;876;42,63;;;
877;240,62;;877;42,51;;;
878;240,62;;878;42,51;;;
879;240,62;;879;42,51;;;
880;240,62;;880;42,40;;;
881;240,62;;881;42,40;;;
882;240,62;;882;42,40;;;
883;240,62;;883;42,29;;;
884;240,62;;884;42,29;;;
885;240,62;;885;42,18;;;
886;260,66;;886;42,18;;;
887;240,62;;887;42,18;;;
888;240,62;;888;42,07;;;
889;260,66;;889;42,07;;;
890;260,66;;890;42,07;;;
891;260,66;;891;41,96;;;
892;260,66;;892;41,96;;;
893;260,66;;893;41,85;;;
894;260,66;;894;41,85;;;
895;260,66;;895;41,85;;;
896;260,66;;896;41,74;;;
897;260,66;;897;41,74;;;
898;260,66;;898;41,63;;;
899;353,93;;899;41,63;;;
900;353,93;;900;41,63;;;
901;-273,15;;901;41,52;;;
902;260,66;;902;41,52;;;
903;353,93;;903;41,52;;;
904;353,93;;904;41,41;;;
905;353,93;;905;41,41;;;
906;353,93;;906;41,30;;;
907;353,93;;907;41,30;;;
908;353,93;;908;41,30;;;
909;353,93;;909;41,19;;;
910;353,93;;910;41,19;;;
911;-273,15;;911;41,19;;;
912;353,93;;912;41,08;;;
913;353,93;;913;41,08;;;
914;353,93;;914;41,08;;;
915;353,93;;915;40,97;;;
916;353,93;;916;40,97;;;
917;353,93;;917;40,86;;;
918;353,93;;918;40,86;;;
919;353,93;;919;40,86;;;
"919;353,93";;;920;40,76;;;
;;;921;40,76;;;
;;;922;40,76;;;
;;;923;40,65;;;
;;;924;40,65;;;
;;;925;40,65;;;
;;;926;40,54;;;
;;;927;40,54;;;
;;;928;40,43;;;
;;;929;40,43;;;
;;;930;40,43;;;
;;;931;40,43;;;
;;;932;40,32;;;
;;;933;40,32;;;
;;;934;40,32;;;
;;;935;40,22;;;
;;;936;40,22;;;
;;;937;40,11;;;
;;;938;40,11;;;
;;;939;40,11;;;
;;;940;40,00;;;
;;;941;40,00;;;
;;;942;40,00;;;
;;;943;39,90;;;
;;;944;39,90;;;
;;;945;39,79;;;
;;;946;39,79;;;
;;;947;39,79;;;
;;;948;39,69;;;
;;;949;39,69;;;
;;;950;39,69;;;
;;;951;39,58;;;
;;;952;39,58;;;
;;;953;39,58;;;
;;;954;39,47;;;
;;;955;39,47;;;
;;;956;39,47;;;
;;;957;39,47;;;
;;;958;39,37;;;
;;;959;39,37;;;
;;;960;39,26;;;
;;;961;39,26;;;
;;;962;39,26;;;
;;;963;39,26;;;
;;;964;39,16;;;
;;;965;39,16;;;
;;;966;39,16;;;
;;;967;39,16;;;
;;;968;39,05;;;
;;;969;39,05;;;
;;;970;38,95;;;
;;;971;38,95;;;
;;;972;38,95;;;
;;;973;38,84;;;
;;;974;38,84;;;
;;;975;38,84;;;
;;;976;38,74;;;
;;;977;38,74;;;
;;;978;38,74;;;
;;;979;38,64;;;
;;;980;38,64;;;
;;;981;38,53;;;
;;;982;38,53;;;
;;;983;38,53;;;
;;;984;38,43;;;
;;;985;38,43;;;
;;;986;38,43;;;
;;;987;38,32;;;
;;;988;38,32;;;
;;;989;38,32;;;
;;;990;38,22;;;
;;;991;38,22;;;
;;;992;38,22;;;
;;;993;38,22;;;
;;;994;38,12;;;
;;;995;38,12;;;
;;;996;38,12;;;
;;;998;38,02;;;
;;;999;38,02;;;
;;;1000;38,02;;;
;;;1001;38,02;;;
;;;1002;37,91;;;
;;;1003;37,91;;;
;;;1004;37,81;;;
;;;1005;37,81;;;
;;;1006;37,81;;;
;;;1007;37,81;;;
;;;1008;37,71;;;
;;;1009;37,71;;;
;;;1010;37,71;;;
;;;1011;37,61;;;
;;;1012;37,61;;;
;;;1013;37,61;;;
;;;1014;37,50;;;
;;;1015;37,50;;;
;;;1016;37,50;;;
;;;1017;37,50;;;
;;;1018;37,40;;;
;;;1019;37,40;;;
;;;1020;37,40;;;
;;;1021;37,30;;;
;;;1022;37,30;;;
;;;1023;37,30;;;
;;;1024;37,20;;;
;;;1025;37,20;;;
;;;1026;37,20;;;
;;;1027;37,20;;;
;;;1028;37,10;;;
;;;1029;37,10;;;
;;;1030;37,10;;;
;;;1031;37,10;;;
;;;1032;37,00;;;
;;;1033;37,00;;;
;;;1034;37,00;;;
;;;1035;36,89;;;
;;;1036;36,89;;;
;;;1037;36,89;;;
;;;1038;36,79;;;
;;;1039;36,79;;;
;;;1040;36,79;;;
;;;1041;36,79;;;
;;;1042;36,69;;;
;;;1043;36,69;;;
;;;1044;36,69;;;
;;;1045;36,69;;;
;;;1046;36,59;;;
;;;1047;36,59;;;
;;;1048;36,59;;;
;;;1049;36,49;;;
;;;1050;36,49;;;
;;;1051;36,49;;;
;;;1052;36,39;;;
;;;1053;36,39;;;
;;;1054;36,39;;;
;;;1055;36,39;;;
;;;1056;36,39;;;
;;;1057;36,29;;;
;;;1058;36,29;;;
;;;1059;36,19;;;
;;;1060;36,19;;;
;;;1061;36,19;;;
;;;1062;36,19;;;
;;;1063;36,09;;;
;;;1064;36,09;;;
;;;1065;36,09;;;
;;;1066;36,09;;;
;;;1067;35,99;;;
;;;1068;35,99;;;
;;;1069;35,99;;;
;;;1070;35,99;;;
;;;1071;35,89;;;
;;;1072;35,89;;;
;;;1073;35,89;;;
;;;1074;35,79;;;
;;;1075;35,79;;;
;;;1076;35,79;;;
;;;1077;35,79;;;
;;;1078;35,70;;;
;;;1079;35,70;;;
;;;1080;35,70;;;
;;;1081;35,70;;;
;;;1082;35,60;;;
;;;1083;35,60;;;
;;;1084;35,60;;;
;;;1085;35,60;;;
;;;1086;35,50;;;
;;;1087;35,50;;;
;;;1088;35,50;;;
;;;1089;35,40;;;
;;;1090;35,40;;;
;;;1091;35,40;;;
;;;1092;35,40;;;
;;;1093;35,30;;;
;;;1094;35,30;;;
;;;1095;35,30;;;
;;;1096;35,30;;;
;;;1097;35,20;;;
;;;1098;35,20;;;
;;;1099;35,20;;;
;;;1100;35,20;;;
;;;1101;35,10;;;
;;;1102;35,10;;;
;;;1103;35,10;;;
;;;1104;35,10;;;
;;;1105;35,01;;;
;;;1106;35,01;;;
;;;1107;35,01;;;
;;;1108;35,01;;;
;;;1109;34,91;;;
;;;1110;34,91;;;
;;;1111;34,91;;;
;;;1112;34,91;;;
;;;1113;34,81;;;
;;;1114;34,81;;;
;;;1115;34,81;;;
;;;1116;34,81;;;
;;;1117;34,71;;;
;;;1118;34,71;;;
;;;1119;34,71;;;
;;;1120;34,71;;;
;;;1121;34,61;;;
;;;1122;34,61;;;
;;;1123;34,61;;;
;;;1124;34,61;;;
;;;1125;34,61;;;
;;;1126;34,52;;;
;;;1127;34,52;;;
;;;1128;34,42;;;
;;;1129;34,42;;;
;;;1130;34,42;;;
;;;1131;34,42;;;
;;;1132;34,32;;;
;;;1133;34,32;;;
;;;1134;34,32;;;
;;;1135;34,32;;;
;;;1136;34,32;;;
;;;1137;34,23;;;
;;;1138;34,23;;;
;;;1139;34,23;;;
;;;1140;34,23;;;
;;;1141;34,23;;;
;;;1142;34,23;;;
;;;1143;34,13;;;
;;;1144;34,13;;;
;;;1145;34,13;;;
;;;1146;34,13;;;
;;;1147;34,03;;;
;;;1148;34,03;;;
;;;1149;34,03;;;
;;;1150;34,03;;;
;;;1151;33,94;;;
;;;1152;33,94;;;
;;;1153;33,94;;;
;;;1154;33,94;;;
;;;1155;33,84;;;
;;;1156;33,84;;;
;;;1157;33,84;;;
;;;1158;33,84;;;
;;;1159;33,74;;;
;;;1160;33,74;;;
;;;1161;33,74;;;
;;;1162;33,74;;;
;;;1163;33,74;;;
;;;1164;33,65;;;
;;;1165;33,65;;;
;;;1166;33,65;;;
;;;1167;33,65;;;
;;;1168;33,55;;;
;;;1169;33,55;;;
;;;1170;33,55;;;
;;;1171;33,55;;;
;;;1172;33,55;;;
;;;1173;33,45;;;
;;;1174;33,45;;;
;;;1175;33,45;;;
;;;1176;33,45;;;
;;;1177;33,36;;;
;;;1178;33,36;;;
;;;1179;33,36;;;
;;;1180;33,36;;;
;;;1181;33,36;;;
;;;1182;33,26;;;
;;;1183;33,26;;;
;;;1184;33,26;;;
;;;1185;33,26;;;
;;;1186;33,17;;;
;;;1187;33,17;;;
;;;1188;33,17;;;
;;;1189;33,17;;;
;;;1190;33,17;;;
;;;1191;33,17;;;
;;;1192;33,07;;;
;;;1193;33,07;;;
;;;1194;33,07;;;
;;;1195;33,07;;;
;;;1196;33,07;;;
;;;1197;32,98;;;
;;;1198;32,98;;;
;;;1199;32,98;;;
;;;1200;32,98;;;
;;;1201;32,88;;;
;;;1202;32,88;;;
;;;1203;32,88;;;
;;;1204;32,88;;;
;;;1205;32,79;;;
;;;1206;32,79;;;
;;;1207;32,79;;;
;;;1208;32,79;;;
;;;1209;32,79;;;
;;;1210;32,79;;;
;;;1211;32,69;;;
;;;1212;32,69;;;
;;;1213;32,69;;;
;;;1214;32,69;;;
;;;1215;32,69;;;
;;;1216;32,69;;;
;;;1217;32,69;;;
;;;1218;32,60;;;
;;;1219;32,60;;;
;;;1220;32,60;;;
;;;1221;32,60;;;
;;;1222;32,50;;;
;;;1223;32,50;;;
;;;1224;32,50;;;
;;;1225;32,50;;;
;;;1226;32,50;;;
;;;1227;32,50;;;
;;;1228;32,41;;;
;;;1229;32,41;;;
;;;1230;32,41;;;
;;;1231;32,41;;;
;;;1232;32,31;;;
;;;1233;32,31;;;
;;;1234;32,31;;;
;;;1235;32,31;;;
;;;1236;32,31;;;
;;;1237;32,22;;;
;;;1238;32,22;;;
;;;1239;32,22;;;
;;;1240;32,22;;;
;;;1241;32,22;;;
;;;1242;32,22;;;
;;;1243;32,12;;;
;;;1244;32,12;;;
;;;1245;32,12;;;
;;;1246;32,12;;;
;;;1247;32,03;;;
;;;1248;32,03;;;
;;;1249;32,03;;;
;;;1250;32,03;;;
;;;1251;32,03;;;
;;;1252;31,94;;;
;;;1253;31,94;;;
;;;1254;31,94;;;
;;;1255;31,94;;;
;;;1256;31,94;;;
;;;1257;31,94;;;
;;;1258;31,84;;;
;;;1259;31,84;;;
;;;1260;31,84;;;
;;;1261;31,84;;;
;;;1262;31,84;;;
;;;1263;31,84;;;
;;;1264;31,84;;;
;;;1265;31,75;;;
;;;1266;31,75;;;
;;;1267;31,75;;;
;;;1268;31,75;;;
;;;1269;31,66;;;
;;;1270;31,66;;;
;;;1271;31,66;;;
;;;1272;31,66;;;
;;;1273;31,66;;;
;;;1274;31,56;;;
;;;1275;31,56;;;
;;;1276;31,56;;;
;;;1277;31,56;;;
;;;1278;31,56;;;
;;;1279;31,47;;;
;;;1280;31,47;;;
;;;1281;31,47;;;
;;;1282;31,47;;;
;;;1283;31,47;;;
;;;1284;31,47;;;
;;;1285;31,37;;;
;;;1286;31,37;;;
;;;1287;31,37;;;
;;;1288;31,37;;;
;;;1289;31,37;;;
;;;1290;31,37;;;
;;;1291;31,28;;;
;;;1292;31,28;;;
;;;1293;31,28;;;
;;;1294;31,28;;;
;;;1295;31,28;;;
;;;1296;31,28;;;
;;;1297;31,19;;;
;;;1298;31,19;;;
;;;1299;31,19;;;
;;;1300;31,19;;;
;;;1301;31,19;;;
;;;1302;31,19;;;
;;;1303;31,19;;;
;;;1304;31,10;;;
;;;1305;31,10;;;
;;;1306;31,10;;;
;;;1307;31,10;;;
;;;1308;31,10;;;
;;;1309;31,00;;;
;;;1310;31,00;;;
;;;1311;31,00;;;
;;;1312;31,00;;;
;;;1313;31,00;;;
;;;1314;30,91;;;
;;;1315;30,91;;;
;;;1316;30,91;;;
;;;1317;30,91;;;
;;;1318;30,91;;;
;;;1319;30,91;;;
;;;1320;30,91;;;
;;;1321;30,91;;;
;;;1322;30,82;;;
;;;1323;30,82;;;
;;;1324;30,82;;;
;;;1325;30,82;;;
;;;1326;30,82;;;
;;;1327;30,82;;;
;;;1328;30,72;;;
;;;1329;30,72;;;
;;;1330;30,72;;;
;;;1331;30,72;;;
;;;1332;30,72;;;
;;;1333;30,63;;;
;;;1334;30,63;;;
;;;1335;30,63;;;
;;;1336;30,63;;;
;;;1337;30,63;;;
;;;1338;30,63;;;
;;;1339;30,54;;;
;;;1340;30,54;;;
;;;1341;30,54;;;
;;;1342;30,54;;;
;;;1343;30,54;;;
;;;1344;30,54;;;
;;;1345;30,54;;;
;;;1346;30,54;;;
;;;1347;30,45;;;
;;;1348;30,45;;;
;;;1349;30,45;;;
;;;1350;30,45;;;
;;;1351;30,45;;;
;;;1352;30,45;;;
;;;1353;30,45;;;
;;;1354;30,35;;;
;;;1355;30,35;;;
;;;1356;30,35;;;
;;;1357;30,35;;;
;;;1358;30,35;;;
;;;1359;30,35;;;
;;;1360;30,26;;;
;;;1361;30,26;;;
;;;1362;30,26;;;
;;;1363;30,26;;;
;;;1364;30,26;;;
;;;1365;30,26;;;
;;;1366;30,26;;;
;;;1367;30,17;;;
;;;1368;30,17;;;
;;;1369;30,17;;;
;;;1370;30,17;;;
;;;1371;30,17;;;
;;;1372;30,17;;;
;;;1373;30,17;;;
;;;1374;30,08;;;
;;;1375;30,08;;;
;;;1376;30,08;;;
;;;1377;29,99;;;
;;;1378;30,08;;;
;;;1379;29,99;;;
;;;1380;29,99;;;
;;;1381;29,99;;;
;;;1382;29,99;;;
;;;1383;29,99;;;
;;;1384;29,99;;;
;;;1385;29,89;;;
;;;1386;29,89;;;
;;;1387;29,89;;;
;;;1388;29,89;;;
;;;1389;29,89;;;
;;;1390;29,89;;;
;;;1391;29,80;;;
;;;1392;29,80;;;
;;;1393;29,80;;;
;;;1394;29,80;;;
;;;1395;29,80;;;
;;;1396;29,80;;;
;;;1397;29,80;;;
;;;1398;29,80;;;
;;;1399;29,71;;;
;;;1400;29,71;;;
;;;1401;29,71;;;
;;;1402;29,71;;;
;;;1403;29,71;;;
;;;1404;29,71;;;
;;;1405;29,71;;;
;;;1406;29,71;;;
;;;1407;29,62;;;
;;;1408;29,62;;;
;;;1409;29,62;;;
;;;1410;29,62;;;
;;;1411;29,62;;;
;;;1412;29,62;;;
;;;1413;29,62;;;
;;;1414;29,62;;;
;;;1415;29,53;;;
;;;1416;29,53;;;
;;;1417;29,53;;;
;;;1418;29,53;;;
;;;1419;29,53;;;
;;;1420;29,53;;;
;;;1421;29,53;;;
;;;1422;29,44;;;
;;;1423;29,44;;;
;;;1424;29,44;;;
;;;1425;29,44;;;
;;;1426;29,44;;;
;;;1427;29,44;;;
;;;1428;29,44;;;
;;;1429;29,44;;;
;;;1430;29,44;;;
;;;1431;29,35;;;
;;;1432;29,35;;;
;;;1433;29,35;;;
;;;1434;29,35;;;
;;;1435;29,35;;;
;;;1436;29,35;;;
;;;1437;29,25;;;
;;;1438;29,35;;;
;;;1439;29,25;;;
;;;1440;29,25;;;
;;;1441;29,25;;;
;;;1442;29,25;;;
;;;1443;29,25;;;
;;;1444;29,25;;;
;;;1445;29,25;;;
;;;1446;29,16;;;
;;;1447;29,16;;;
;;;1448;29,16;;;
;;;1449;29,16;;;
;;;1450;29,16;;;
;;;1451;29,16;;;
;;;1452;29,16;;;
;;;1453;29,16;;;
;;;1454;29,07;;;
;;;1455;29,07;;;
;;;1456;29,07;;;
;;;1457;29,07;;;
;;;1458;29,07;;;
;;;1459;29,07;;;
;;;1460;29,07;;;
;;;1461;29,07;;;
;;;1462;28,98;;;
;;;1463;28,98;;;
;;;1464;28,98;;;
;;;1465;28,98;;;
;;;1466;28,98;;;
;;;1467;28,98;;;
;;;1468;28,98;;;
;;;1469;28,98;;;
;;;1470;28,89;;;
;;;1471;28,89;;;
;;;1472;28,89;;;
;;;1473;28,89;;;
;;;1474;28,89;;;
;;;1475;28,89;;;
;;;1476;28,89;;;
;;;1477;28,89;;;
;;;1478;28,89;;;
;;;1479;28,89;;;
;;;1480;28,89;;;
;;;1481;28,80;;;
;;;1482;28,80;;;
;;;1483;28,80;;;
;;;1484;28,80;;;
;;;1485;28,80;;;
;;;1486;28,80;;;
;;;1487;28,80;;;
;;;1488;28,80;;;
;;;1489;28,71;;;
;;;1490;28,80;;;
;;;1491;28,71;;;
;;;1492;28,71;;;
;;;1493;28,71;;;
;;;1494;28,71;;;
;;;1495;28,71;;;
;;;1496;28,71;;;
;;;1497;28,71;;;
;;;1498;28,71;;;
;;;1499;28,62;;;
;;;1500;28,62;;;
;;;1501;28,62;;;
;;;1502;28,62;;;
;;;1503;28,62;;;
;;;1504;28,62;;;
;;;1505;28,62;;;
;;;1506;28,62;;;
;;;1507;28,53;;;
;;;1508;28,53;;;
;;;1509;28,53;;;
;;;1510;28,53;;;
;;;1511;28,53;;;
;;;1512;28,53;;;
;;;1513;28,53;;;
;;;1514;28,53;;;
;;;1515;28,53;;;
;;;1516;28,53;;;
;;;1517;28,44;;;
;;;1518;28,44;;;
;;;1519;28,44;;;
;;;1520;28,44;;;
;;;1521;28,44;;;
;;;1522;28,44;;;
;;;1523;28,44;;;
;;;1524;28,44;;;
;;;1525;28,44;;;
;;;1526;28,44;;;
;;;1527;28,35;;;
;;;1528;28,35;;;
;;;1529;28,35;;;
;;;1530;28,35;;;
;;;1531;28,35;;;
;;;1532;28,35;;;
;;;1533;28,35;;;
;;;1534;28,35;;;
;;;1535;28,35;;;
;;;1536;28,26;;;
;;;1537;28,26;;;
;;;1538;28,26;;;
;;;1539;28,26;;;
;;;1540;28,26;;;
;;;1541;28,26;;;
;;;1542;28,26;;;
;;;1543;28,26;;;
;;;1544;28,26;;;
;;;1545;28,26;;;
;;;1546;28,26;;;
;;;1547;28,26;;;
;;;1548;28,17;;;
;;;1549;28,17;;;
;;;1550;28,17;;;
;;;1551;28,17;;;
;;;1552;28,17;;;
;;;1553;28,17;;;
;;;1554;28,17;;;
;;;1555;28,17;;;
;;;1556;28,17;;;
;;;1557;28,17;;;
;;;1558;28,08;;;
;;;1559;28,08;;;
;;;1560;28,08;;;
;;;1561;28,08;;;
;;;1562;28,08;;;
;;;1563;28,08;;;
;;;1564;28,08;;;
;;;1565;28,08;;;
;;;1566;28,08;;;
;;;1567;28,08;;;
;;;1568;27,99;;;
;;;1569;27,99;;;
;;;1570;27,99;;;
;;;1571;27,99;;;
;;;1572;27,99;;;
;;;1573;27,99;;;
;;;1574;27,99;;;
;;;1575;27,99;;;
;;;1576;27,99;;;
;;;1577;27,99;;;
;;;1578;27,99;;;
;;;1579;27,90;;;
;;;1580;27,90;;;
;;;1581;27,90;;;
;;;1582;27,90;;;
;;;1583;27,90;;;
;;;1584;27,90;;;
;;;1585;27,90;;;
;;;1586;27,90;;;
;;;1587;27,90;;;
;;;1588;27,81;;;
;;;1589;27,90;;;
;;;1590;27,81;;;
;;;1591;27,81;;;
;;;1592;27,81;;;
;;;1593;27,81;;;
;;;1594;27,81;;;
;;;1595;27,81;;;
;;;1596;27,81;;;
;;;1597;27,81;;;
;;;1598;27,81;;;
;;;1599;27,81;;;
;;;1600;27,72;;;
;;;1601;27,72;;;
;;;1602;27,72;;;
;;;1603;27,72;;;
;;;1604;27,72;;;
;;;1605;27,72;;;
;;;1606;27,72;;;
;;;1607;27,72;;;
;;;1608;27,72;;;
;;;1609;27,72;;;
;;;1610;27,72;;;
;;;1611;27,63;;;
;;;1612;27,63;;;
;;;1613;27,63;;;
;;;1614;27,63;;;
;;;1615;27,63;;;
;;;1616;27,63;;;
;;;1617;27,63;;;
;;;1618;27,63;;;
;;;1619;27,63;;;
;;;1620;27,63;;;
;;;1621;27,63;;;
;;;1622;27,54;;;
;;;1623;27,63;;;
;;;1624;27,54;;;
;;;1625;27,54;;;
;;;1626;27,54;;;
;;;1627;27,54;;;
;;;1628;27,54;;;
;;;1629;27,54;;;
;;;1630;27,54;;;
;;;1631;27,54;;;
;;;1632;27,54;;;
;;;1633;27,54;;;
;;;1634;27,45;;;
;;;1635;27,45;;;
;;;1636;27,45;;;
;;;1637;27,45;;;
;;;1638;27,45;;;
;;;1639;27,45;;;
;;;1640;27,45;;;
;;;1641;27,45;;;
;;;1642;27,45;;;
;;;1643;27,45;;;
;;;1644;27,45;;;
;;;1645;27,45;;;
;;;1646;27,36;;;
;;;1647;27,36;;;
;;;1648;27,36;;;
;;;1649;27,36;;;
;;;1650;27,36;;;
;;;1651;27,36;;;
;;;1652;27,36;;;
;;;1653;27,36;;;
;;;1654;27,36;;;
;;;1655;27,36;;;
;;;1656;27,36;;;
;;;1657;27,36;;;
;;;1658;27,36;;;
;;;1659;27,27;;;
;;;1660;27,27;;;
;;;1661;27,27;;;
;;;1662;27,27;;;
;;;1663;27,27;;;
;;;1664;27,27;;;
;;;1665;27,27;;;
;;;1666;27,27;;;
;;;1667;27,27;;;
;;;1668;27,27;;;
;;;1669;27,27;;;
;;;1670;27,27;;;
;;;1671;27,27;;;
;;;1672;27,27;;;
;;;1673;27,18;;;
;;;1674;27,18;;;
;;;1675;27,18;;;
;;;1676;27,18;;;
;;;1677;27,18;;;
;;;1678;27,18;;;
;;;1679;27,18;;;
;;;1680;27,18;;;
;;;1681;27,18;;;
;;;1682;27,18;;;
;;;1683;27,18;;;
;;;1684;27,09;;;
;;;1685;27,09;;;
;;;1686;27,09;;;
;;;1687;27,09;;;
;;;1688;27,09;;;
;;;1689;27,09;;;
;;;1690;27,09;;;
;;;1691;27,09;;;
;;;1692;27,09;;;
;;;1693;27,09;;;
;;;1694;27,09;;;
;;;1695;27,09;;;
;;;1696;27,09;;;
;;;1697;27,09;;;
;;;1698;27,09;;;
;;;1699;27,00;;;
;;;1700;27,00;;;
;;;1701;27,00;;;
;;;1702;27,00;;;
;;;1703;27,00;;;
;;;1704;27,00;;;
;;;1705;27,00;;;
;;;1706;27,00;;;
;;;1707;27,00;;;
;;;1708;27,00;;;
;;;1709;27,00;;;
;;;1710;27,00;;;
;;;1711;27,00;;;
;;;1712;27,00;;;
;;;1713;26,91;;;
;;;1714;26,91;;;
;;;1715;26,91;;;
;;;1716;26,91;;;
;;;1717;26,91;;;
;;;1718;26,91;;;
;;;1719;26,91;;;
;;;1720;26,91;;;
;;;1721;26,91;;;
;;;1722;26,91;;;
;;;1723;26,91;;;
;;;1724;26,91;;;
;;;1725;26,82;;;
;;;1726;26,82;;;
;;;1727;26,82;;;
;;;1728;26,82;;;
;;;1729;26,82;;;
;;;1730;26,82;;;
;;;1731;26,82;;;
;;;1732;26,82;;;
;;;1733;26,82;;;
;;;1734;26,82;;;
;;;1735;26,82;;;
;;;1736;26,82;;;
;;;1737;26,82;;;
;;;1738;26,82;;;
;;;1739;26,82;;;
;;;1740;26,82;;;
;;;1741;26,73;;;
;;;1742;26,82;;;
;;;1743;26,73;;;
;;;1744;26,73;;;
;;;1745;26,73;;;
;;;1746;26,73;;;
;;;1747;26,73;;;
;;;1748;26,73;;;
;;;1749;26,73;;;
;;;1750;26,73;;;
;;;1751;26,73;;;
;;;1752;26,73;;;
;;;1753;26,73;;;
;;;1754;26,73;;;
;;;1755;26,73;;;
;;;1756;26,73;;;
;;;1757;26,64;;;
;;;1758;26,64;;;
;;;1759;26,64;;;
;;;1760;26,64;;;
;;;1761;26,64;;;
;;;1762;26,64;;;
;;;1763;26,64;;;
;;;1764;26,64;;;
;;;1765;26,64;;;
;;;1766;26,64;;;
;;;1767;26,64;;;
;;;1768;26,64;;;
;;;1769;26,64;;;
;;;1770;26,64;;;
;;;1771;26,55;;;
;;;1772;26,55;;;
;;;1773;26,64;;;
;;;1774;26,55;;;
;;;1775;26,55;;;
;;;1776;26,55;;;
;;;1777;26,55;;;
;;;1778;26,55;;;
;;;1779;26,55;;;
;;;1780;26,55;;;
;;;1781;26,55;;;
;;;1782;26,55;;;
;;;1783;26,55;;;
;;;1784;26,55;;;
;;;1785;26,55;;;
;;;1786;26,55;;;
;;;1787;26,55;;;
;;;1788;26,46;;;
;;;1789;26,46;;;
;;;1790;26,46;;;
;;;1791;26,46;;;
;;;1792;26,46;;;
;;;1793;26,46;;;
;;;1794;26,46;;;
;;;1795;26,46;;;
;;;1796;26,46;;;
;;;1797;26,46;;;
;;;1798;26,46;;;
;;;1799;26,38;;;
;;;1800;26,38;;;
;;;1801;26,38;;;
;;;1802;26,38;;;
;;;1803;26,38;;;
;;;1804;26,38;;;
;;;1805;26,38;;;
;;;1806;26,38;;;
;;;1807;26,38;;;
;;;1808;26,38;;;
;;;1809;26,38;;;
;;;1810;26,38;;;
;;;1811;26,38;;;
;;;1812;26,38;;;
;;;1813;26,38;;;
;;;1814;26,38;;;
;;;1815;26,38;;;
;;;1816;26,38;;;
;;;1817;26,29;;;
;;;1818;26,29;;;
;;;1819;26,29;;;
;;;1820;26,29;;;
;;;1821;26,29;;;
;;;1822;26,29;;;
;;;1823;26,29;;;
;;;1824;26,29;;;
;;;1825;26,29;;;
;;;1826;26,29;;;
;;;1827;26,29;;;
;;;1828;26,29;;;
;;;1829;26,29;;;
;;;1830;26,29;;;
;;;1831;26,29;;;
;;;1832;26,29;;;
;;;1833;26,29;;;
;;;1834;26,29;;;
;;;1835;26,29;;;
;;;1836;26,20;;;
;;;1837;26,20;;;
;;;1838;26,20;;;
;;;1839;26,20;;;
;;;1840;26,20;;;
;;;1841;26,20;;;
;;;1842;26,20;;;
;;;1843;26,20;;;
;;;1844;26,20;;;
;;;1845;26,20;;;
;;;1846;26,20;;;
;;;1847;26,20;;;
;;;1848;26,20;;;
;;;1849;26,20;;;
;;;1850;26,20;;;
;;;1851;26,20;;;
;;;1852;26,20;;;
;;;1853;26,20;;;
;;;1854;26,11;;;
;;;1855;26,11;;;
;;;1856;26,11;;;
;;;1857;26,11;;;
;;;1858;26,11;;;
;;;1859;26,11;;;
;;;1860;26,11;;;
;;;1861;26,11;;;
;;;1862;26,11;;;
;;;1863;26,11;;;
;;;1864;26,11;;;
;;;1865;26,11;;;
;;;1866;26,11;;;
;;;1867;26,11;;;
;;;1868;26,11;;;
;;;1869;26,11;;;
;;;1870;26,11;;;
;;;1871;26,11;;;
;;;1872;26,11;;;
;;;1873;26,11;;;
;;;1874;26,11;;;
;;;1875;26,11;;;
;;;1876;26,11;;;
;;;1877;26,11;;;
;;;1878;26,11;;;
;;;1879;26,02;;;
;;;1880;26,11;;;
;;;1881;26,11;;;
;;;1882;26,11;;;
;;;1883;26,11;;;
;;;1884;26,11;;;
;;;1885;26,11;;;
;;;1886;26,11;;;
;;;1887;25,84;;;
;;;1888;25,84;;;
;;;1889;25,93;;;
;;;1890;26,11;;;
;;;1891;25,93;;;
;;;1892;26,11;;;
;;;1893;26,11;;;
;;;1894;26,11;;;
;;;1895;26,11;;;
;;;1896;26,11;;;
;;;1897;25,93;;;
;;;1898;25,93;;;
;;;1899;25,93;;;
;;;1900;26,02;;;
;;;1901;26,11;;;
;;;1902;25,93;;;
;;;1903;26,02;;;
;;;1904;26,11;;;
;;;1905;26,02;;;
;;;1906;26,02;;;
;;;1907;25,84;;;
;;;1908;25,84;;;
;;;1909;25,84;;;
;;;1910;25,84;;;
;;;1911;25,93;;;
;;;1912;26,02;;;
;;;1913;26,02;;;
;;;1914;26,02;;;
;;;1915;25,84;;;
;;;1916;26,02;;;
;;;1917;26,02;;;
;;;1918;25,93;;;
;;;1919;25,76;;;
;;;1920;25,76;;;
;;;1921;25,84;;;
;;;1922;25,84;;;
;;;1923;25,84;;;
;;;1924;26,02;;;
;;;1925;25,93;;;
;;;1926;26,02;;;
;;;1927;26,02;;;
;;;1928;26,02;;;
;;;1929;25,93;;;
;;;1930;25,84;;;
;;;1931;25,84;;;
;;;1932;25,76;;;
;;;1933;25,76;;;
;;;1934;25,76;;;
;;;1935;25,76;;;
;;;1936;25,76;;;
;;;1937;25,93;;;
;;;1938;25,93;;;
;;;1939;25,93;;;
;;;1940;25,93;;;
;;;1941;25,76;;;
;;;1942;25,67;;;
;;;1943;25,76;;;
;;;1944;25,67;;;
;;;1945;25,76;;;
;;;1946;25,67;;;
;;;1947;25,67;;;
;;;1948;25,67;;;
;;;1949;25,67;;;
;;;1950;25,67;;;
;;;1951;25,76;;;
;;;1952;25,67;;;
;;;1953;25,76;;;
;;;1954;25,93;;;
;;;1955;25,84;;;
;;;1956;25,93;;;
;;;1957;25,84;;;
;;;1958;25,76;;;
;;;1959;25,93;;;
;;;1960;25,67;;;
;;;1961;25,67;;;
;;;1962;25,76;;;
;;;1963;25,76;;;
;;;1964;25,67;;;
;;;1965;25,67;;;
;;;1967;25,67;;;
;;;1968;25,67;;;
;;;1969;25,58;;;
;;;1970;25,67;;;
;;;1971;25,58;;;
;;;1972;25,58;;;
;;;1973;25,58;;;
;;;1974;25,67;;;
;;;1975;25,67;;;
;;;1976;25,76;;;
;;;1977;25,67;;;
;;;1978;25,84;;;
;;;1979;25,84;;;
;;;1980;25,84;;;
;;;1981;25,67;;;
;;;1982;25,84;;;
;;;1983;25,76;;;
;;;1984;25,84;;;
;;;1985;25,67;;;
;;;1986;25,84;;;
;;;1987;25,76;;;
;;;1988;25,58;;;
;;;1989;25,76;;;
;;;1990;25,76;;;
;;;1991;25,84;;;
;;;1992;25,76;;;
;;;1993;25,76;;;
;;;1994;25,76;;;
;;;1995;25,58;;;
;;;1996;25,76;;;
;;;1997;25,76;;;
;;;1998;25,58;;;
;;;1999;25,76;;;
;;;2000;25,67;;;
;;;2001;25,76;;;
;;;2002;25,58;;;
;;;2003;25,58;;;
;;;2004;25,76;;;
;;;2005;25,76;;;
;;;2006;25,67;;;
;;;2007;25,76;;;
;;;2008;25,67;;;
;;;2009;25,58;;;
;;;2010;25,67;;;
;;;2011;25,58;;;
;;;2012;25,76;;;
;;;2013;25,76;;;
;;;2014;25,49;;;
;;;2015;25,58;;;
;;;2016;25,49;;;
;;;2017;25,58;;;
;;;2018;25,67;;;
;;;2019;25,49;;;
;;;2020;25,49;;;
;;;2021;25,49;;;
;;;2022;25,49;;;
;;;2023;25,49;;;
;;;2024;25,49;;;
;;;2025;25,49;;;
;;;2026;25,49;;;
;;;2027;25,49;;;
;;;2028;25,49;;;
;;;2029;25,49;;;
;;;2030;25,49;;;
;;;2031;25,49;;;
;;;2032;25,40;;;
;;;2033;25,49;;;
;;;2034;25,49;;;
;;;2035;25,49;;;
;;;2036;25,49;;;
;;;2037;25,49;;;
;;;2038;25,49;;;
;;;2039;25,40;;;
;;;2040;25,40;;;
;;;2041;25,49;;;
;;;2042;25,49;;;
;;;2043;25,49;;;
;;;2044;25,40;;;
;;;2045;25,49;;;
;;;2046;25,49;;;
;;;2047;25,58;;;
;;;2048;25,58;;;
;;;2049;25,40;;;
;;;2050;25,67;;;
;;;2051;25,67;;;
;;;2052;25,49;;;
;;;2053;25,67;;;
;;;2054;25,40;;;
;;;2055;25,67;;;
;;;2056;25,40;;;
;;;2057;25,40;;;
;;;2058;25,49;;;
;;;2059;25,40;;;
;;;2060;25,40;;;
;;;2061;25,40;;;
;;;2062;25,40;;;
;;;2063;25,40;;;
;;;2064;25,40;;;
;;;2065;25,40;;;
;;;2066;25,40;;;
;;;2067;25,40;;;
;;;2068;25,40;;;
;;;2069;25,58;;;
;;;2070;25,40;;;
;;;2071;25,40;;;
;;;2072;25,40;;;
;;;2073;25,40;;;
;;;2074;25,40;;;
;;;2075;25,31;;;
;;;2076;25,40;;;
;;;2077;25,40;;;
;;;2078;25,40;;;
;;;2079;25,40;;;
;;;2080;25,40;;;
;;;2081;25,58;;;
;;;2082;25,31;;;
;;;2083;25,31;;;
;;;2084;25,40;;;
;;;2085;25,31;;;
;;;2086;25,31;;;
;;;2087;25,40;;;
;;;2088;25,58;;;
;;;2089;25,49;;;
;;;2090;25,40;;;
;;;2091;25,31;;;
;;;2092;25,31;;;
;;;2093;25,31;;;
;;;2094;25,31;;;
;;;2095;25,31;;;
;;;2096;25,40;;;
;;;2097;25,58;;;
;;;2098;25,31;;;
;;;2099;25,31;;;
;;;2100;25,31;;;
;;;2101;25,31;;;
;;;2102;25,31;;;
;;;2103;25,31;;;
;;;2104;25,40;;;
;;;2105;25,31;;;
;;;2106;25,31;;;
;;;2107;25,31;;;
;;;2108;25,31;;;
;;;2109;25,31;;;
;;;2110;25,31;;;
;;;2111;25,31;;;
;;;2112;25,31;;;
;;;2113;25,31;;;
;;;2114;25,31;;;
;;;2115;25,31;;;
;;;2116;25,31;;;
;;;2117;25,23;;;
;;;2118;25,23;;;
;;;2119;25,23;;;
;;;2120;25,31;;;
;;;2121;25,31;;;
;;;2122;25,31;;;
;;;2123;25,31;;;
;;;2124;25,23;;;
;;;2125;25,23;;;
;;;2126;25,23;;;
;;;2127;25,23;;;
;;;2128;25,23;;;
;;;2129;25,23;;;
;;;2130;25,23;;;
;;;2131;25,23;;;
;;;2132;25,23;;;
;;;2133;25,23;;;
;;;2134;25,23;;;
;;;2135;25,23;;;
;;;2136;25,23;;;
;;;2137;25,23;;;
;;;2138;25,23;;;
;;;2139;25,23;;;
;;;2140;25,23;;;
;;;2141;25,23;;;
;;;2142;25,23;;;
;;;2143;25,23;;;
;;;2144;25,23;;;
;;;2145;25,23;;;
;;;2146;25,23;;;
;;;2147;25,23;;;
;;;2148;25,23;;;
;;;2149;25,23;;;
;;;2150;25,23;;;
;;;2151;25,23;;;
;;;2152;25,14;;;
;;;2153;25,23;;;
;;;2154;25,23;;;
;;;2155;25,23;;;
;;;2156;25,23;;;
;;;2157;25,23;;;
;;;2158;25,14;;;
;;;"2158;25,14";;;;
